file_path,class_name,package,LOC,WMC,METHODS,FIELDS,PRIVATE_METHODS,CBO,DIT,LCOM,TCC,ATFD,MAX_METHOD_LOC,NOC,project
C:\Users\Poula\Downloads\code_smell_project\code_smell_project\projects\gson\extras\src\main\java\com\google\gson\extras\examples\rawcollections\RawCollectionsExample.java,RawCollectionsExample,com.google.gson.extras.examples.rawcollections,36,1,1,2,0,33,0,0,7,0,3,1,gson
C:\Users\Poula\Downloads\code_smell_project\code_smell_project\projects\gson\extras\src\main\java\com\google\gson\graph\GraphAdapterBuilder.java,GraphAdapterBuilder,com.google.gson.graph,204,8,8,7,0,80,0,8,22,4,11,1,gson
C:\Users\Poula\Downloads\code_smell_project\code_smell_project\projects\gson\extras\src\main\java\com\google\gson\interceptors\Intercept.java,User,com.google.gson.interceptors,11,0,0,0,0,42,1,0,0,0,1,1,gson
C:\Users\Poula\Downloads\code_smell_project\code_smell_project\projects\gson\extras\src\main\java\com\google\gson\interceptors\InterceptorFactory.java,InterceptorFactory,com.google.gson.interceptors,42,2,2,2,0,33,1,2,5,2,0,1,gson
C:\Users\Poula\Downloads\code_smell_project\code_smell_project\projects\gson\extras\src\main\java\com\google\gson\interceptors\JsonPostDeserializer.java,JsonPostDeserializer,com.google.gson.interceptors,5,1,1,0,0,27,0,0,0,0,0,1,gson
C:\Users\Poula\Downloads\code_smell_project\code_smell_project\projects\gson\extras\src\main\java\com\google\gson\typeadapters\PostConstructAdapterFactory.java,PostConstructAdapterFactory,com.google.gson.typeadapters,57,2,2,2,0,35,1,2,7,9,0,1,gson
C:\Users\Poula\Downloads\code_smell_project\code_smell_project\projects\gson\extras\src\main\java\com\google\gson\typeadapters\RuntimeTypeAdapterFactory.java,RuntimeTypeAdapterFactory,com.google.gson.typeadapters,142,5,5,3,0,72,1,5,19,15,11,1,gson
C:\Users\Poula\Downloads\code_smell_project\code_smell_project\projects\gson\extras\src\main\java\com\google\gson\typeadapters\UtcDateTypeAdapter.java,UtcDateTypeAdapter,com.google.gson.typeadapters,184,2,2,2,0,74,1,2,17,13,0,1,gson
C:\Users\Poula\Downloads\code_smell_project\code_smell_project\projects\gson\extras\src\test\java\com\google\gson\graph\GraphAdapterBuilderTest.java,GraphAdapterBuilderTest,com.google.gson.graph,204,10,10,0,0,42,0,0,8,0,20,1,gson
C:\Users\Poula\Downloads\code_smell_project\code_smell_project\projects\gson\extras\src\test\java\com\google\gson\interceptors\InterceptorTest.java,InterceptorTest,com.google.gson.interceptors,159,13,13,1,0,58,0,12,6,3,26,1,gson
C:\Users\Poula\Downloads\code_smell_project\code_smell_project\projects\gson\extras\src\test\java\com\google\gson\typeadapters\PostConstructAdapterFactoryTest.java,PostConstructAdapterFactoryTest,com.google.gson.typeadapters,85,5,5,0,1,38,0,0,4,0,14,1,gson
C:\Users\Poula\Downloads\code_smell_project\code_smell_project\projects\gson\extras\src\test\java\com\google\gson\typeadapters\RuntimeTypeAdapterFactoryTest.java,RuntimeTypeAdapterFactoryTest,com.google.gson.typeadapters,197,14,14,1,0,40,1,13,4,2,16,1,gson
C:\Users\Poula\Downloads\code_smell_project\code_smell_project\projects\gson\extras\src\test\java\com\google\gson\typeadapters\UtcDateTypeAdapterTest.java,UtcDateTypeAdapterTest,com.google.gson.typeadapters,68,6,6,1,0,47,0,5,9,13,11,1,gson
C:\Users\Poula\Downloads\code_smell_project\code_smell_project\projects\gson\gson\src\main\java\module-info.java,module-info,,9,0,0,0,0,30,0,0,0,0,0,1,gson
C:\Users\Poula\Downloads\code_smell_project\code_smell_project\projects\gson\gson\src\main\java\com\google\gson\ExclusionStrategy.java,ExclusionStrategy,com.google.gson,5,0,0,0,0,41,0,0,3,3,1,1,gson
C:\Users\Poula\Downloads\code_smell_project\code_smell_project\projects\gson\gson\src\main\java\com\google\gson\FieldAttributes.java,Foo,com.google.gson,38,5,5,1,0,44,1,4,4,7,3,1,gson
C:\Users\Poula\Downloads\code_smell_project\code_smell_project\projects\gson\gson\src\main\java\com\google\gson\FieldNamingPolicy.java,FieldNamingPolicy,com.google.gson,76,7,7,0,0,58,0,0,5,7,3,1,gson
C:\Users\Poula\Downloads\code_smell_project\code_smell_project\projects\gson\gson\src\main\java\com\google\gson\FieldNamingStrategy.java,FieldNamingStrategy,com.google.gson,11,0,0,0,0,36,0,0,1,0,0,1,gson
C:\Users\Poula\Downloads\code_smell_project\code_smell_project\projects\gson\gson\src\main\java\com\google\gson\FormattingStyle.java,FormattingStyle,com.google.gson,43,6,6,3,0,40,0,3,3,0,3,1,gson
C:\Users\Poula\Downloads\code_smell_project\code_smell_project\projects\gson\gson\src\main\java\com\google\gson\Gson.java,Gson,com.google.gson,442,23,23,4,1,171,1,22,27,42,9,1,gson
C:\Users\Poula\Downloads\code_smell_project\code_smell_project\projects\gson\gson\src\main\java\com\google\gson\GsonBuilder.java,GsonBuilder,com.google.gson,455,34,34,12,4,232,0,34,27,4,30,1,gson
C:\Users\Poula\Downloads\code_smell_project\code_smell_project\projects\gson\gson\src\main\java\com\google\gson\InstanceCreator.java,Id,com.google.gson,5,0,0,0,0,42,0,0,0,0,1,1,gson
C:\Users\Poula\Downloads\code_smell_project\code_smell_project\projects\gson\gson\src\main\java\com\google\gson\JsonArray.java,JsonArray,com.google.gson,146,31,31,1,1,62,1,30,3,0,10,1,gson
C:\Users\Poula\Downloads\code_smell_project\code_smell_project\projects\gson\gson\src\main\java\com\google\gson\JsonDeserializationContext.java,JsonDeserializationContext,com.google.gson,6,0,0,0,0,38,0,0,0,0,0,1,gson
C:\Users\Poula\Downloads\code_smell_project\code_smell_project\projects\gson\gson\src\main\java\com\google\gson\JsonDeserializer.java,Id,com.google.gson,6,0,0,0,0,48,0,0,1,1,1,1,gson
C:\Users\Poula\Downloads\code_smell_project\code_smell_project\projects\gson\gson\src\main\java\com\google\gson\JsonElement.java,JsonElement,com.google.gson,98,21,21,0,0,77,0,0,10,3,11,1,gson
C:\Users\Poula\Downloads\code_smell_project\code_smell_project\projects\gson\gson\src\main\java\com\google\gson\JsonIOException.java,JsonIOException,com.google.gson,14,0,0,1,0,34,1,0,0,0,0,1,gson
C:\Users\Poula\Downloads\code_smell_project\code_smell_project\projects\gson\gson\src\main\java\com\google\gson\JsonNull.java,JsonNull,com.google.gson,19,3,3,0,0,36,1,0,1,0,3,1,gson
C:\Users\Poula\Downloads\code_smell_project\code_smell_project\projects\gson\gson\src\main\java\com\google\gson\JsonObject.java,JsonObject,com.google.gson,75,17,17,1,0,57,1,16,3,2,7,1,gson
C:\Users\Poula\Downloads\code_smell_project\code_smell_project\projects\gson\gson\src\main\java\com\google\gson\JsonParseException.java,JsonParseException,com.google.gson,13,0,0,0,0,35,1,0,0,0,0,1,gson
C:\Users\Poula\Downloads\code_smell_project\code_smell_project\projects\gson\gson\src\main\java\com\google\gson\JsonParser.java,JsonParser,com.google.gson,59,3,3,0,0,66,0,0,6,6,0,1,gson
C:\Users\Poula\Downloads\code_smell_project\code_smell_project\projects\gson\gson\src\main\java\com\google\gson\JsonPrimitive.java,JsonPrimitive,com.google.gson,167,18,18,1,0,61,1,17,14,6,27,1,gson
C:\Users\Poula\Downloads\code_smell_project\code_smell_project\projects\gson\gson\src\main\java\com\google\gson\JsonSerializationContext.java,JsonSerializationContext,com.google.gson,6,0,0,0,0,33,0,0,0,0,0,1,gson
C:\Users\Poula\Downloads\code_smell_project\code_smell_project\projects\gson\gson\src\main\java\com\google\gson\JsonSerializer.java,Id,com.google.gson,5,0,0,0,0,49,0,0,1,1,1,1,gson
C:\Users\Poula\Downloads\code_smell_project\code_smell_project\projects\gson\gson\src\main\java\com\google\gson\JsonStreamParser.java,JsonStreamParser,com.google.gson,49,3,3,2,0,57,0,3,2,1,11,1,gson
C:\Users\Poula\Downloads\code_smell_project\code_smell_project\projects\gson\gson\src\main\java\com\google\gson\JsonSyntaxException.java,JsonSyntaxException,com.google.gson,13,0,0,1,0,32,1,0,0,0,0,1,gson
C:\Users\Poula\Downloads\code_smell_project\code_smell_project\projects\gson\gson\src\main\java\com\google\gson\LongSerializationPolicy.java,LongSerializationPolicy,com.google.gson,32,2,2,0,0,45,0,0,1,0,6,1,gson
C:\Users\Poula\Downloads\code_smell_project\code_smell_project\projects\gson\gson\src\main\java\com\google\gson\package-info.java,package-info,provides,2,0,0,0,0,32,0,0,0,0,0,1,gson
C:\Users\Poula\Downloads\code_smell_project\code_smell_project\projects\gson\gson\src\main\java\com\google\gson\ReflectionAccessFilter.java,ReflectionAccessFilter,com.google.gson,64,8,8,0,0,64,0,0,1,0,5,1,gson
C:\Users\Poula\Downloads\code_smell_project\code_smell_project\projects\gson\gson\src\main\java\com\google\gson\Strictness.java,Strictness,com.google.gson,8,0,0,0,0,12,0,0,0,0,0,1,gson
C:\Users\Poula\Downloads\code_smell_project\code_smell_project\projects\gson\gson\src\main\java\com\google\gson\ToNumberPolicy.java,ToNumberPolicy,com.google.gson,61,5,5,0,1,44,0,0,6,3,0,1,gson
C:\Users\Poula\Downloads\code_smell_project\code_smell_project\projects\gson\gson\src\main\java\com\google\gson\ToNumberStrategy.java,ToNumberStrategy,com.google.gson,6,0,0,0,0,43,0,0,0,0,0,1,gson
C:\Users\Poula\Downloads\code_smell_project\code_smell_project\projects\gson\gson\src\main\java\com\google\gson\TypeAdapter.java,PointAdapter,com.google.gson,81,3,3,0,0,76,1,0,13,4,3,1,gson
C:\Users\Poula\Downloads\code_smell_project\code_smell_project\projects\gson\gson\src\main\java\com\google\gson\TypeAdapterFactory.java,LowercaseEnumTypeAdapterFactory,com.google.gson,5,0,0,0,0,61,0,0,16,7,1,1,gson
C:\Users\Poula\Downloads\code_smell_project\code_smell_project\projects\gson\gson\src\main\java\com\google\gson\annotations\Expose.java,User,com.google.gson.annotations,13,0,0,0,0,45,0,0,0,0,0,1,gson
C:\Users\Poula\Downloads\code_smell_project\code_smell_project\projects\gson\gson\src\main\java\com\google\gson\annotations\JsonAdapter.java,User,com.google.gson.annotations,18,0,0,0,0,67,1,0,2,0,0,1,gson
C:\Users\Poula\Downloads\code_smell_project\code_smell_project\projects\gson\gson\src\main\java\com\google\gson\annotations\package-info.java,package-info,provides,2,0,0,0,0,28,0,0,0,0,0,1,gson
C:\Users\Poula\Downloads\code_smell_project\code_smell_project\projects\gson\gson\src\main\java\com\google\gson\annotations\SerializedName.java,MyClass,com.google.gson.annotations,13,0,0,0,0,47,0,0,2,0,0,1,gson
C:\Users\Poula\Downloads\code_smell_project\code_smell_project\projects\gson\gson\src\main\java\com\google\gson\annotations\Since.java,User,com.google.gson.annotations,13,0,0,0,0,45,0,0,0,0,0,1,gson
C:\Users\Poula\Downloads\code_smell_project\code_smell_project\projects\gson\gson\src\main\java\com\google\gson\annotations\Until.java,User,com.google.gson.annotations,13,0,0,0,0,45,0,0,0,0,0,1,gson
C:\Users\Poula\Downloads\code_smell_project\code_smell_project\projects\gson\gson\src\main\java\com\google\gson\internal\ConstructorConstructor.java,ConstructorConstructor,com.google.gson.internal,311,3,3,5,0,119,1,2,15,13,3,1,gson
C:\Users\Poula\Downloads\code_smell_project\code_smell_project\projects\gson\gson\src\main\java\com\google\gson\internal\Excluder.java,Excluder,com.google.gson.internal,180,14,14,8,4,61,0,7,14,9,31,1,gson
C:\Users\Poula\Downloads\code_smell_project\code_smell_project\projects\gson\gson\src\main\java\com\google\gson\internal\GsonTypes.java,GsonTypes,com.google.gson.internal,476,15,15,9,0,89,1,9,37,44,15,1,gson
C:\Users\Poula\Downloads\code_smell_project\code_smell_project\projects\gson\gson\src\main\java\com\google\gson\internal\JavaVersion.java,JavaVersion,com.google.gson.internal,54,0,0,1,0,36,0,0,4,1,0,1,gson
C:\Users\Poula\Downloads\code_smell_project\code_smell_project\projects\gson\gson\src\main\java\com\google\gson\internal\JsonReaderInternalAccess.java,JsonReaderInternalAccess,com.google.gson.internal,8,0,0,0,0,32,0,0,0,0,0,1,gson
C:\Users\Poula\Downloads\code_smell_project\code_smell_project\projects\gson\gson\src\main\java\com\google\gson\internal\LazilyParsedNumber.java,LazilyParsedNumber,com.google.gson.internal,69,10,10,1,3,38,1,9,6,0,11,1,gson
C:\Users\Poula\Downloads\code_smell_project\code_smell_project\projects\gson\gson\src\main\java\com\google\gson\internal\LinkedTreeMap.java,LinkedTreeMap,com.google.gson.internal,500,30,30,4,6,80,1,30,11,7,53,1,gson
C:\Users\Poula\Downloads\code_smell_project\code_smell_project\projects\gson\gson\src\main\java\com\google\gson\internal\NonNullElementWrapperList.java,NonNullElementWrapperList,com.google.gson.internal,85,16,16,1,1,39,1,15,2,0,6,1,gson
C:\Users\Poula\Downloads\code_smell_project\code_smell_project\projects\gson\gson\src\main\java\com\google\gson\internal\NumberLimits.java,NumberLimits,com.google.gson.internal,24,0,0,1,0,9,0,0,2,0,0,1,gson
C:\Users\Poula\Downloads\code_smell_project\code_smell_project\projects\gson\gson\src\main\java\com\google\gson\internal\ObjectConstructor.java,ObjectConstructor,com.google.gson.internal,4,0,0,0,0,29,0,0,0,0,0,1,gson
C:\Users\Poula\Downloads\code_smell_project\code_smell_project\projects\gson\gson\src\main\java\com\google\gson\internal\package-info.java,package-info,as,2,0,0,0,0,32,0,0,0,0,0,1,gson
C:\Users\Poula\Downloads\code_smell_project\code_smell_project\projects\gson\gson\src\main\java\com\google\gson\internal\PreJava9DateFormatProvider.java,PreJava9DateFormatProvider,com.google.gson.internal,39,0,0,0,0,38,0,0,1,1,0,1,gson
C:\Users\Poula\Downloads\code_smell_project\code_smell_project\projects\gson\gson\src\main\java\com\google\gson\internal\Primitives.java,Primitives,com.google.gson.internal,45,0,0,0,0,34,0,0,0,0,0,1,gson
C:\Users\Poula\Downloads\code_smell_project\code_smell_project\projects\gson\gson\src\main\java\com\google\gson\internal\ReflectionAccessFilterHelper.java,ReflectionAccessFilterHelper,com.google.gson.internal,78,2,2,0,0,51,0,0,8,4,7,1,gson
C:\Users\Poula\Downloads\code_smell_project\code_smell_project\projects\gson\gson\src\main\java\com\google\gson\internal\Streams.java,Streams,com.google.gson.internal,118,11,11,4,0,59,1,10,5,1,6,1,gson
C:\Users\Poula\Downloads\code_smell_project\code_smell_project\projects\gson\gson\src\main\java\com\google\gson\internal\TroubleshootingGuide.java,TroubleshootingGuide,com.google.gson.internal,7,0,0,0,0,3,0,0,0,0,0,1,gson
C:\Users\Poula\Downloads\code_smell_project\code_smell_project\projects\gson\gson\src\main\java\com\google\gson\internal\UnsafeAllocator.java,Unsafe,com.google.gson.internal,76,0,0,0,0,46,0,0,8,9,0,1,gson
C:\Users\Poula\Downloads\code_smell_project\code_smell_project\projects\gson\gson\src\main\java\com\google\gson\internal\bind\ArrayTypeAdapter.java,ArrayTypeAdapter,com.google.gson.internal.bind,82,2,2,2,0,43,1,2,10,5,0,1,gson
C:\Users\Poula\Downloads\code_smell_project\code_smell_project\projects\gson\gson\src\main\java\com\google\gson\internal\bind\CollectionTypeAdapterFactory.java,CollectionTypeAdapterFactory,com.google.gson.internal.bind,73,2,2,2,0,43,1,2,11,4,0,1,gson
C:\Users\Poula\Downloads\code_smell_project\code_smell_project\projects\gson\gson\src\main\java\com\google\gson\internal\bind\DefaultDateTypeAdapter.java,DefaultDateTypeAdapter,com.google.gson.internal.bind,135,7,7,4,2,70,1,7,14,10,8,1,gson
C:\Users\Poula\Downloads\code_smell_project\code_smell_project\projects\gson\gson\src\main\java\com\google\gson\internal\bind\EnumTypeAdapter.java,EnumTypeAdapter,com.google.gson.internal.bind,88,2,2,3,0,57,1,2,15,5,0,1,gson
C:\Users\Poula\Downloads\code_smell_project\code_smell_project\projects\gson\gson\src\main\java\com\google\gson\internal\bind\IgnoreJRERequirement.java,IgnoreJRERequirement,com.google.gson.internal.bind,9,0,0,0,0,11,0,0,0,0,0,1,gson
C:\Users\Poula\Downloads\code_smell_project\code_smell_project\projects\gson\gson\src\main\java\com\google\gson\internal\bind\JavaTimeTypeAdapters.java,ZoneRegion,com.google.gson.internal.bind,387,11,11,8,0,65,0,11,35,35,3,1,gson
C:\Users\Poula\Downloads\code_smell_project\code_smell_project\projects\gson\gson\src\main\java\com\google\gson\internal\bind\JsonAdapterAnnotationTypeAdapterFactory.java,JsonAdapterAnnotationTypeAdapterFactory,com.google.gson.internal.bind,123,2,2,3,1,60,0,2,12,5,23,1,gson
C:\Users\Poula\Downloads\code_smell_project\code_smell_project\projects\gson\gson\src\main\java\com\google\gson\internal\bind\JsonElementTypeAdapter.java,JsonElementTypeAdapter,com.google.gson.internal.bind,123,4,4,0,2,60,1,0,6,9,0,1,gson
C:\Users\Poula\Downloads\code_smell_project\code_smell_project\projects\gson\gson\src\main\java\com\google\gson\internal\bind\JsonTreeReader.java,JsonTreeReader,com.google.gson.internal.bind,316,28,28,6,7,76,1,24,10,5,22,1,gson
C:\Users\Poula\Downloads\code_smell_project\code_smell_project\projects\gson\gson\src\main\java\com\google\gson\internal\bind\JsonTreeWriter.java,JsonTreeWriter,com.google.gson.internal.bind,202,22,22,5,2,56,1,20,6,0,18,1,gson
C:\Users\Poula\Downloads\code_smell_project\code_smell_project\projects\gson\gson\src\main\java\com\google\gson\internal\bind\MapTypeAdapterFactory.java,MapTypeAdapterFactory,com.google.gson.internal.bind,167,2,2,3,1,80,1,2,23,13,18,1,gson
C:\Users\Poula\Downloads\code_smell_project\code_smell_project\projects\gson\gson\src\main\java\com\google\gson\internal\bind\NumberTypeAdapter.java,NumberTypeAdapter,com.google.gson.internal.bind,56,2,2,2,0,42,1,2,4,2,0,1,gson
C:\Users\Poula\Downloads\code_smell_project\code_smell_project\projects\gson\gson\src\main\java\com\google\gson\internal\bind\ObjectTypeAdapter.java,ObjectTypeAdapter,com.google.gson.internal.bind,134,4,4,3,2,59,1,4,10,3,0,1,gson
C:\Users\Poula\Downloads\code_smell_project\code_smell_project\projects\gson\gson\src\main\java\com\google\gson\internal\bind\ReflectiveTypeAdapterFactory.java,ReflectiveTypeAdapterFactory,com.google.gson.internal.bind,503,9,9,10,4,118,1,7,41,33,84,1,gson
C:\Users\Poula\Downloads\code_smell_project\code_smell_project\projects\gson\gson\src\main\java\com\google\gson\internal\bind\SerializationDelegatingTypeAdapter.java,SerializationDelegatingTypeAdapter,com.google.gson.internal.bind,5,0,0,0,0,25,1,0,0,0,0,1,gson
C:\Users\Poula\Downloads\code_smell_project\code_smell_project\projects\gson\gson\src\main\java\com\google\gson\internal\bind\TreeTypeAdapter.java,TreeTypeAdapter,com.google.gson.internal.bind,147,6,6,8,1,51,1,5,12,9,7,1,gson
C:\Users\Poula\Downloads\code_smell_project\code_smell_project\projects\gson\gson\src\main\java\com\google\gson\internal\bind\TypeAdapterRuntimeTypeWrapper.java,TypeAdapterRuntimeTypeWrapper,com.google.gson.internal.bind,58,2,2,3,0,48,1,2,5,2,0,1,gson
C:\Users\Poula\Downloads\code_smell_project\code_smell_project\projects\gson\gson\src\main\java\com\google\gson\internal\bind\TypeAdapters.java,TypeAdapters,com.google.gson.internal.bind,924,66,66,3,0,177,1,66,38,28,9,1,gson
C:\Users\Poula\Downloads\code_smell_project\code_smell_project\projects\gson\gson\src\main\java\com\google\gson\internal\bind\util\ISO8601Utils.java,ISO8601Utils,com.google.gson.internal.bind.util,216,0,0,2,0,83,0,0,19,18,0,1,gson
C:\Users\Poula\Downloads\code_smell_project\code_smell_project\projects\gson\gson\src\main\java\com\google\gson\internal\reflect\ReflectionHelper.java,ReflectionHelper,com.google.gson.internal.reflect,225,2,2,5,0,74,1,2,24,21,7,1,gson
C:\Users\Poula\Downloads\code_smell_project\code_smell_project\projects\gson\gson\src\main\java\com\google\gson\internal\sql\SqlDateTypeAdapter.java,SqlDateTypeAdapter,com.google.gson.internal.sql,62,1,1,1,0,47,1,0,6,5,0,1,gson
C:\Users\Poula\Downloads\code_smell_project\code_smell_project\projects\gson\gson\src\main\java\com\google\gson\internal\sql\SqlTimestampTypeAdapter.java,SqlTimestampTypeAdapter,com.google.gson.internal.sql,39,2,2,1,0,34,1,2,4,3,0,1,gson
C:\Users\Poula\Downloads\code_smell_project\code_smell_project\projects\gson\gson\src\main\java\com\google\gson\internal\sql\SqlTimeTypeAdapter.java,SqlTimeTypeAdapter,com.google.gson.internal.sql,63,2,2,1,0,47,1,2,5,5,0,1,gson
C:\Users\Poula\Downloads\code_smell_project\code_smell_project\projects\gson\gson\src\main\java\com\google\gson\internal\sql\SqlTypesSupport.java,SqlTypesSupport,com.google.gson.internal.sql,58,1,1,0,0,51,1,0,5,2,3,1,gson
C:\Users\Poula\Downloads\code_smell_project\code_smell_project\projects\gson\gson\src\main\java\com\google\gson\reflect\package-info.java,package-info,provides,2,0,0,0,0,27,0,0,0,0,0,1,gson
C:\Users\Poula\Downloads\code_smell_project\code_smell_project\projects\gson\gson\src\main\java\com\google\gson\reflect\TypeToken.java,TypeToken,com.google.gson.reflect,275,4,4,2,1,87,0,3,22,36,21,1,gson
C:\Users\Poula\Downloads\code_smell_project\code_smell_project\projects\gson\gson\src\main\java\com\google\gson\stream\JsonReader.java,JsonReader,com.google.gson.stream,1201,37,37,42,18,228,0,36,17,5,31,1,gson
C:\Users\Poula\Downloads\code_smell_project\code_smell_project\projects\gson\gson\src\main\java\com\google\gson\stream\JsonScope.java,JsonScope,com.google.gson.stream,12,0,0,0,0,36,0,0,0,0,0,1,gson
C:\Users\Poula\Downloads\code_smell_project\code_smell_project\projects\gson\gson\src\main\java\com\google\gson\stream\JsonToken.java,JsonToken,com.google.gson.stream,13,0,0,0,0,42,0,0,0,0,0,1,gson
C:\Users\Poula\Downloads\code_smell_project\code_smell_project\projects\gson\gson\src\main\java\com\google\gson\stream\JsonWriter.java,JsonWriter,com.google.gson.stream,395,27,27,14,10,140,1,25,18,18,6,1,gson
C:\Users\Poula\Downloads\code_smell_project\code_smell_project\projects\gson\gson\src\main\java\com\google\gson\stream\MalformedJsonException.java,MalformedJsonException,com.google.gson.stream,15,0,0,1,0,29,1,0,0,0,0,1,gson
C:\Users\Poula\Downloads\code_smell_project\code_smell_project\projects\gson\gson\src\main\java\com\google\gson\stream\package-info.java,package-info,provides,2,0,0,0,0,24,0,0,0,0,0,1,gson
C:\Users\Poula\Downloads\code_smell_project\code_smell_project\projects\gson\gson\src\main\java-templates\com\google\gson\internal\GsonBuildConfig.java,GsonBuildConfig,com.google.gson.internal,5,0,0,0,0,28,0,0,0,0,0,1,gson
C:\Users\Poula\Downloads\code_smell_project\code_smell_project\projects\gson\gson\src\test\java\com\google\gson\CommentsTest.java,CommentsTest,com.google.gson,21,1,1,0,0,29,0,0,0,0,13,1,gson
C:\Users\Poula\Downloads\code_smell_project\code_smell_project\projects\gson\gson\src\test\java\com\google\gson\DefaultInetAddressTypeAdapterTest.java,DefaultInetAddressTypeAdapterTest,com.google.gson,21,2,2,1,0,31,0,2,2,1,0,1,gson
C:\Users\Poula\Downloads\code_smell_project\code_smell_project\projects\gson\gson\src\test\java\com\google\gson\DefaultMapJsonSerializerTest.java,DefaultMapJsonSerializerTest,com.google.gson,39,3,3,1,0,35,0,2,6,2,11,1,gson
C:\Users\Poula\Downloads\code_smell_project\code_smell_project\projects\gson\gson\src\test\java\com\google\gson\ExposeAnnotationExclusionStrategyTest.java,ExposeAnnotationExclusionStrategyTest,com.google.gson,65,9,9,1,3,35,0,8,3,1,4,1,gson
C:\Users\Poula\Downloads\code_smell_project\code_smell_project\projects\gson\gson\src\test\java\com\google\gson\FieldAttributesTest.java,FieldAttributesTest,com.google.gson,48,6,6,1,0,46,0,5,2,5,9,1,gson
C:\Users\Poula\Downloads\code_smell_project\code_smell_project\projects\gson\gson\src\test\java\com\google\gson\FieldNamingPolicyTest.java,FieldNamingPolicyTest,com.google.gson,101,4,4,0,0,51,0,0,6,12,17,1,gson
C:\Users\Poula\Downloads\code_smell_project\code_smell_project\projects\gson\gson\src\test\java\com\google\gson\GenericArrayTypeTest.java,GenericArrayTypeTest,com.google.gson,31,3,3,1,0,34,0,3,4,1,0,1,gson
C:\Users\Poula\Downloads\code_smell_project\code_smell_project\projects\gson\gson\src\test\java\com\google\gson\GsonBuilderTest.java,GsonBuilderTest,com.google.gson,318,26,26,3,0,94,0,23,6,20,26,1,gson
C:\Users\Poula\Downloads\code_smell_project\code_smell_project\projects\gson\gson\src\test\java\com\google\gson\GsonTest.java,GsonTest,com.google.gson,458,38,38,7,0,107,1,36,24,14,58,1,gson
C:\Users\Poula\Downloads\code_smell_project\code_smell_project\projects\gson\gson\src\test\java\com\google\gson\GsonTypeAdapterTest.java,GsonTypeAdapterTest,com.google.gson,121,10,10,1,0,57,1,9,6,1,13,1,gson
C:\Users\Poula\Downloads\code_smell_project\code_smell_project\projects\gson\gson\src\test\java\com\google\gson\InnerClassExclusionStrategyTest.java,InnerClassExclusionStrategyTest,com.google.gson,49,8,8,1,4,36,0,7,4,2,4,1,gson
C:\Users\Poula\Downloads\code_smell_project\code_smell_project\projects\gson\gson\src\test\java\com\google\gson\JavaSerializationTest.java,JavaSerializationTest,com.google.gson,49,3,3,1,0,41,0,3,5,0,0,1,gson
C:\Users\Poula\Downloads\code_smell_project\code_smell_project\projects\gson\gson\src\test\java\com\google\gson\JsonArrayAsListSuiteTest.java,JsonArrayAsListSuiteTest,com.google.gson,55,4,4,0,0,31,0,0,3,0,8,1,gson
C:\Users\Poula\Downloads\code_smell_project\code_smell_project\projects\gson\gson\src\test\java\com\google\gson\JsonArrayAsListTest.java,JsonArrayAsListTest,com.google.gson,235,16,16,0,0,47,0,0,9,1,24,1,gson
C:\Users\Poula\Downloads\code_smell_project\code_smell_project\projects\gson\gson\src\test\java\com\google\gson\JsonArrayTest.java,JsonArrayTest,com.google.gson,260,18,18,0,0,55,0,0,12,8,29,1,gson
C:\Users\Poula\Downloads\code_smell_project\code_smell_project\projects\gson\gson\src\test\java\com\google\gson\JsonNullTest.java,JsonNullTest,com.google.gson,24,3,3,0,0,31,0,0,3,0,6,1,gson
C:\Users\Poula\Downloads\code_smell_project\code_smell_project\projects\gson\gson\src\test\java\com\google\gson\JsonObjectAsMapSuiteTest.java,JsonObjectAsMapSuiteTest,com.google.gson,69,2,2,0,0,37,0,0,5,2,3,1,gson
C:\Users\Poula\Downloads\code_smell_project\code_smell_project\projects\gson\gson\src\test\java\com\google\gson\JsonObjectAsMapTest.java,JsonObjectAsMapTest,com.google.gson,202,13,13,0,0,50,0,0,10,2,30,1,gson
C:\Users\Poula\Downloads\code_smell_project\code_smell_project\projects\gson\gson\src\test\java\com\google\gson\JsonObjectTest.java,JsonObjectTest,com.google.gson,254,18,18,0,0,60,0,0,20,10,48,1,gson
C:\Users\Poula\Downloads\code_smell_project\code_smell_project\projects\gson\gson\src\test\java\com\google\gson\JsonParserParameterizedTest.java,JsonParserParameterizedTest,com.google.gson,32,1,1,1,0,35,0,0,3,0,5,1,gson
C:\Users\Poula\Downloads\code_smell_project\code_smell_project\projects\gson\gson\src\test\java\com\google\gson\JsonParserTest.java,JsonParserTest,com.google.gson,147,14,14,0,0,52,0,0,13,19,11,1,gson
C:\Users\Poula\Downloads\code_smell_project\code_smell_project\projects\gson\gson\src\test\java\com\google\gson\JsonPrimitiveTest.java,JsonPrimitiveTest,com.google.gson,280,30,30,0,0,50,0,0,13,26,20,1,gson
C:\Users\Poula\Downloads\code_smell_project\code_smell_project\projects\gson\gson\src\test\java\com\google\gson\JsonStreamParserTest.java,JsonStreamParserTest,com.google.gson,69,8,8,1,0,35,0,7,1,0,11,1,gson
C:\Users\Poula\Downloads\code_smell_project\code_smell_project\projects\gson\gson\src\test\java\com\google\gson\LongSerializationPolicyTest.java,LongSerializationPolicyTest,com.google.gson,51,6,6,0,0,35,0,0,6,4,6,1,gson
C:\Users\Poula\Downloads\code_smell_project\code_smell_project\projects\gson\gson\src\test\java\com\google\gson\MixedStreamTest.java,MixedStreamTest,com.google.gson,205,15,15,4,0,54,0,15,8,7,22,1,gson
C:\Users\Poula\Downloads\code_smell_project\code_smell_project\projects\gson\gson\src\test\java\com\google\gson\ObjectTypeAdapterParameterizedTest.java,ObjectTypeAdapterParameterizedTest,com.google.gson,32,1,1,1,0,33,0,0,2,0,0,1,gson
C:\Users\Poula\Downloads\code_smell_project\code_smell_project\projects\gson\gson\src\test\java\com\google\gson\ObjectTypeAdapterTest.java,ObjectTypeAdapterTest,com.google.gson,84,7,7,2,0,41,0,6,7,3,5,1,gson
C:\Users\Poula\Downloads\code_smell_project\code_smell_project\projects\gson\gson\src\test\java\com\google\gson\OverrideCoreTypeAdaptersTest.java,OverrideCoreTypeAdaptersTest,com.google.gson,56,7,7,2,0,40,0,6,4,0,8,1,gson
C:\Users\Poula\Downloads\code_smell_project\code_smell_project\projects\gson\gson\src\test\java\com\google\gson\ParameterizedTypeFixtures.java,ParameterizedTypeFixtures,com.google.gson,115,7,7,1,0,54,0,7,17,13,10,1,gson
C:\Users\Poula\Downloads\code_smell_project\code_smell_project\projects\gson\gson\src\test\java\com\google\gson\ParameterizedTypeTest.java,ParameterizedTypeTest,com.google.gson,31,3,3,1,0,34,0,2,4,3,8,1,gson
C:\Users\Poula\Downloads\code_smell_project\code_smell_project\projects\gson\gson\src\test\java\com\google\gson\PrimitiveTypeAdapter.java,PrimitiveTypeAdapter,com.google.gson,34,0,0,0,0,40,0,0,8,3,0,1,gson
C:\Users\Poula\Downloads\code_smell_project\code_smell_project\projects\gson\gson\src\test\java\com\google\gson\SubsetTest.java,SubsetTest,com.google.gson,25,2,2,0,0,12,0,0,5,1,9,1,gson
C:\Users\Poula\Downloads\code_smell_project\code_smell_project\projects\gson\gson\src\test\java\com\google\gson\ToNumberPolicyTest.java,ToNumberPolicyTest,com.google.gson,142,5,5,0,0,51,0,0,7,4,0,1,gson
C:\Users\Poula\Downloads\code_smell_project\code_smell_project\projects\gson\gson\src\test\java\com\google\gson\TypeAdapterTest.java,TypeAdapterTest,com.google.gson,85,13,13,2,0,36,0,11,5,0,18,1,gson
C:\Users\Poula\Downloads\code_smell_project\code_smell_project\projects\gson\gson\src\test\java\com\google\gson\VersionExclusionStrategyTest.java,VersionExclusionStrategyTest,com.google.gson,77,3,3,1,0,37,0,3,3,9,0,1,gson
C:\Users\Poula\Downloads\code_smell_project\code_smell_project\projects\gson\gson\src\test\java\com\google\gson\common\MoreAsserts.java,MoreAsserts,com.google.gson.common,64,0,0,0,0,37,0,0,11,7,0,1,gson
C:\Users\Poula\Downloads\code_smell_project\code_smell_project\projects\gson\gson\src\test\java\com\google\gson\common\TestTypes.java,TestTypes,com.google.gson.common,339,23,23,10,0,76,1,17,13,11,15,1,gson
C:\Users\Poula\Downloads\code_smell_project\code_smell_project\projects\gson\gson\src\test\java\com\google\gson\functional\ArrayTest.java,ArrayTest,com.google.gson.functional,230,29,29,1,0,53,0,28,4,1,21,1,gson
C:\Users\Poula\Downloads\code_smell_project\code_smell_project\projects\gson\gson\src\test\java\com\google\gson\functional\CircularReferenceTest.java,CircularReferenceTest,com.google.gson.functional,99,8,8,1,0,55,0,7,5,1,22,1,gson
C:\Users\Poula\Downloads\code_smell_project\code_smell_project\projects\gson\gson\src\test\java\com\google\gson\functional\CollectionTest.java,CollectionTest,com.google.gson.functional,414,35,35,2,0,80,1,34,20,7,21,1,gson
C:\Users\Poula\Downloads\code_smell_project\code_smell_project\projects\gson\gson\src\test\java\com\google\gson\functional\ConcurrencyTest.java,ConcurrencyTest,com.google.gson.functional,105,6,6,1,0,41,0,5,6,0,14,1,gson
C:\Users\Poula\Downloads\code_smell_project\code_smell_project\projects\gson\gson\src\test\java\com\google\gson\functional\CustomDeserializerTest.java,CustomDeserializerTest,com.google.gson.functional,163,9,9,6,0,59,1,5,7,4,15,1,gson
C:\Users\Poula\Downloads\code_smell_project\code_smell_project\projects\gson\gson\src\test\java\com\google\gson\functional\CustomSerializerTest.java,CustomSerializerTest,com.google.gson.functional,74,5,5,0,0,43,0,0,5,2,14,1,gson
C:\Users\Poula\Downloads\code_smell_project\code_smell_project\projects\gson\gson\src\test\java\com\google\gson\functional\CustomTypeAdaptersTest.java,CustomTypeAdaptersTest,com.google.gson.functional,440,32,32,3,1,74,1,31,20,12,22,1,gson
C:\Users\Poula\Downloads\code_smell_project\code_smell_project\projects\gson\gson\src\test\java\com\google\gson\functional\DefaultTypeAdaptersTest.java,DefaultTypeAdaptersTest,com.google.gson.functional,923,89,89,4,5,159,1,88,55,66,37,1,gson
C:\Users\Poula\Downloads\code_smell_project\code_smell_project\projects\gson\gson\src\test\java\com\google\gson\functional\DelegateTypeAdapterTest.java,DelegateTypeAdapterTest,com.google.gson.functional,64,5,5,2,0,41,0,3,4,1,11,1,gson
C:\Users\Poula\Downloads\code_smell_project\code_smell_project\projects\gson\gson\src\test\java\com\google\gson\functional\EnumTest.java,EnumTest,com.google.gson.functional,245,21,21,4,0,78,0,19,12,5,14,1,gson
C:\Users\Poula\Downloads\code_smell_project\code_smell_project\projects\gson\gson\src\test\java\com\google\gson\functional\EnumWithObfuscatedTest.java,EnumWithObfuscatedTest,com.google.gson.functional,31,2,2,1,0,38,0,2,3,2,10,1,gson
C:\Users\Poula\Downloads\code_smell_project\code_smell_project\projects\gson\gson\src\test\java\com\google\gson\functional\EscapingTest.java,EscapingTest,com.google.gson.functional,66,6,6,1,0,36,0,5,6,2,11,1,gson
C:\Users\Poula\Downloads\code_smell_project\code_smell_project\projects\gson\gson\src\test\java\com\google\gson\functional\ExclusionStrategyFunctionalTest.java,ExclusionStrategyFunctionalTest,com.google.gson.functional,165,14,14,4,0,48,0,10,4,1,14,1,gson
C:\Users\Poula\Downloads\code_smell_project\code_smell_project\projects\gson\gson\src\test\java\com\google\gson\functional\ExposeFieldsTest.java,ExposeFieldsTest,com.google.gson.functional,134,10,10,4,0,43,0,6,7,5,16,1,gson
C:\Users\Poula\Downloads\code_smell_project\code_smell_project\projects\gson\gson\src\test\java\com\google\gson\functional\FieldExclusionTest.java,FieldExclusionTest,com.google.gson.functional,60,4,4,3,0,36,1,2,2,0,10,1,gson
C:\Users\Poula\Downloads\code_smell_project\code_smell_project\projects\gson\gson\src\test\java\com\google\gson\functional\FieldNamingTest.java,FieldNamingTest,com.google.gson.functional,85,6,6,0,0,55,0,0,1,0,8,1,gson
C:\Users\Poula\Downloads\code_smell_project\code_smell_project\projects\gson\gson\src\test\java\com\google\gson\functional\FormattingStyleTest.java,FormattingStyleTest,com.google.gson.functional,143,9,9,2,0,58,0,7,6,0,18,1,gson
C:\Users\Poula\Downloads\code_smell_project\code_smell_project\projects\gson\gson\src\test\java\com\google\gson\functional\GsonVersionDiagnosticsTest.java,GsonVersionDiagnosticsTest,com.google.gson.functional,63,6,6,2,0,43,0,5,5,1,17,1,gson
C:\Users\Poula\Downloads\code_smell_project\code_smell_project\projects\gson\gson\src\test\java\com\google\gson\functional\InheritanceTest.java,InheritanceTest,com.google.gson.functional,249,15,15,6,0,63,1,9,12,8,25,1,gson
C:\Users\Poula\Downloads\code_smell_project\code_smell_project\projects\gson\gson\src\test\java\com\google\gson\functional\InstanceCreatorTest.java,InstanceCreatorTest,com.google.gson.functional,76,5,5,0,0,48,1,0,3,3,13,1,gson
C:\Users\Poula\Downloads\code_smell_project\code_smell_project\projects\gson\gson\src\test\java\com\google\gson\functional\InterfaceTest.java,InterfaceTest,com.google.gson.functional,40,3,3,5,0,37,0,0,1,0,4,1,gson
C:\Users\Poula\Downloads\code_smell_project\code_smell_project\projects\gson\gson\src\test\java\com\google\gson\functional\InternationalizationTest.java,InternationalizationTest,com.google.gson.functional,49,7,7,1,0,29,0,6,1,0,6,1,gson
C:\Users\Poula\Downloads\code_smell_project\code_smell_project\projects\gson\gson\src\test\java\com\google\gson\functional\Java17RecordTest.java,Java17RecordTest,com.google.gson.functional,358,39,39,1,4,95,0,38,7,9,26,1,gson
C:\Users\Poula\Downloads\code_smell_project\code_smell_project\projects\gson\gson\src\test\java\com\google\gson\functional\JavaUtilConcurrentAtomicTest.java,JavaUtilConcurrentAtomicTest,com.google.gson.functional,84,8,8,1,0,36,0,7,3,0,11,1,gson
C:\Users\Poula\Downloads\code_smell_project\code_smell_project\projects\gson\gson\src\test\java\com\google\gson\functional\JavaUtilTest.java,JavaUtilTest,com.google.gson.functional,36,3,3,1,0,31,0,2,3,3,9,1,gson
C:\Users\Poula\Downloads\code_smell_project\code_smell_project\projects\gson\gson\src\test\java\com\google\gson\functional\JsonAdapterAnnotationOnClassesTest.java,JsonAdapterAnnotationOnClassesTest,com.google.gson.functional,581,49,49,2,1,115,1,48,16,11,29,1,gson
C:\Users\Poula\Downloads\code_smell_project\code_smell_project\projects\gson\gson\src\test\java\com\google\gson\functional\JsonAdapterAnnotationOnFieldsTest.java,JsonAdapterAnnotationOnFieldsTest,com.google.gson.functional,569,52,52,0,1,101,1,0,11,5,28,1,gson
C:\Users\Poula\Downloads\code_smell_project\code_smell_project\projects\gson\gson\src\test\java\com\google\gson\functional\JsonAdapterSerializerDeserializerTest.java,JsonAdapterSerializerDeserializerTest,com.google.gson.functional,203,14,14,0,0,65,0,0,3,0,31,1,gson
C:\Users\Poula\Downloads\code_smell_project\code_smell_project\projects\gson\gson\src\test\java\com\google\gson\functional\JsonParserTest.java,JsonParserTest,com.google.gson.functional,102,9,9,1,0,48,0,8,6,0,11,1,gson
C:\Users\Poula\Downloads\code_smell_project\code_smell_project\projects\gson\gson\src\test\java\com\google\gson\functional\JsonTreeTest.java,JsonTreeTest,com.google.gson.functional,78,5,5,1,0,43,1,4,6,4,12,1,gson
C:\Users\Poula\Downloads\code_smell_project\code_smell_project\projects\gson\gson\src\test\java\com\google\gson\functional\LeniencyTest.java,LeniencyTest,com.google.gson.functional,27,2,2,1,0,36,0,2,1,0,9,1,gson
C:\Users\Poula\Downloads\code_smell_project\code_smell_project\projects\gson\gson\src\test\java\com\google\gson\functional\MapAsArrayTypeAdapterTest.java,MapAsArrayTypeAdapterTest,com.google.gson.functional,114,9,9,0,0,38,0,0,4,0,20,1,gson
C:\Users\Poula\Downloads\code_smell_project\code_smell_project\projects\gson\gson\src\test\java\com\google\gson\functional\MapTest.java,MapTest,com.google.gson.functional,635,55,55,4,0,92,1,52,19,0,28,1,gson
C:\Users\Poula\Downloads\code_smell_project\code_smell_project\projects\gson\gson\src\test\java\com\google\gson\functional\MoreSpecificTypeSerializationTest.java,MoreSpecificTypeSerializationTest,com.google.gson.functional,136,7,7,1,0,44,1,6,5,0,12,1,gson
C:\Users\Poula\Downloads\code_smell_project\code_smell_project\projects\gson\gson\src\test\java\com\google\gson\functional\NamingPolicyTest.java,NamingPolicyTest,com.google.gson.functional,295,30,30,1,0,64,0,29,5,17,22,1,gson
C:\Users\Poula\Downloads\code_smell_project\code_smell_project\projects\gson\gson\src\test\java\com\google\gson\functional\NullObjectAndFieldTest.java,NullObjectAndFieldTest,com.google.gson.functional,199,18,18,4,0,57,0,16,4,0,13,1,gson
C:\Users\Poula\Downloads\code_smell_project\code_smell_project\projects\gson\gson\src\test\java\com\google\gson\functional\NumberLimitsTest.java,NumberLimitsTest,com.google.gson.functional,176,6,6,1,0,38,0,6,7,1,30,1,gson
C:\Users\Poula\Downloads\code_smell_project\code_smell_project\projects\gson\gson\src\test\java\com\google\gson\functional\ObjectTest.java,ObjectTest,com.google.gson.functional,621,54,54,6,0,119,1,53,10,28,27,1,gson
C:\Users\Poula\Downloads\code_smell_project\code_smell_project\projects\gson\gson\src\test\java\com\google\gson\functional\ParameterizedTypesTest.java,ParameterizedTypesTest,com.google.gson.functional,446,23,23,6,2,69,1,22,20,15,27,1,gson
C:\Users\Poula\Downloads\code_smell_project\code_smell_project\projects\gson\gson\src\test\java\com\google\gson\functional\PrettyPrintingTest.java,PrettyPrintingTest,com.google.gson.functional,134,9,9,1,0,44,0,8,4,0,31,1,gson
C:\Users\Poula\Downloads\code_smell_project\code_smell_project\projects\gson\gson\src\test\java\com\google\gson\functional\PrimitiveCharacterTest.java,PrimitiveCharacterTest,com.google.gson.functional,28,3,3,1,0,32,0,2,1,0,9,1,gson
C:\Users\Poula\Downloads\code_smell_project\code_smell_project\projects\gson\gson\src\test\java\com\google\gson\functional\PrimitiveTest.java,PrimitiveTest,com.google.gson.functional,783,107,107,1,0,66,0,106,15,0,15,1,gson
C:\Users\Poula\Downloads\code_smell_project\code_smell_project\projects\gson\gson\src\test\java\com\google\gson\functional\PrintFormattingTest.java,PrintFormattingTest,com.google.gson.functional,55,4,4,1,0,42,0,3,5,0,9,1,gson
C:\Users\Poula\Downloads\code_smell_project\code_smell_project\projects\gson\gson\src\test\java\com\google\gson\functional\RawSerializationTest.java,RawSerializationTest,com.google.gson.functional,68,6,6,1,0,35,0,5,2,0,8,1,gson
C:\Users\Poula\Downloads\code_smell_project\code_smell_project\projects\gson\gson\src\test\java\com\google\gson\functional\ReadersWritersTest.java,ReadersWritersTest,com.google.gson.functional,155,15,15,1,0,61,0,14,9,2,36,1,gson
C:\Users\Poula\Downloads\code_smell_project\code_smell_project\projects\gson\gson\src\test\java\com\google\gson\functional\ReflectionAccessFilterTest.java,ReflectionAccessFilterTest,com.google.gson.functional,421,32,32,2,0,99,1,30,13,4,55,1,gson
C:\Users\Poula\Downloads\code_smell_project\code_smell_project\projects\gson\gson\src\test\java\com\google\gson\functional\ReflectionAccessTest.java,ReflectionAccessTest,com.google.gson.functional,123,6,6,1,0,65,0,5,12,7,13,1,gson
C:\Users\Poula\Downloads\code_smell_project\code_smell_project\projects\gson\gson\src\test\java\com\google\gson\functional\ReusedTypeVariablesFullyResolveTest.java,ReusedTypeVariablesFullyResolveTest,com.google.gson.functional,40,2,2,1,0,43,1,1,3,0,12,1,gson
C:\Users\Poula\Downloads\code_smell_project\code_smell_project\projects\gson\gson\src\test\java\com\google\gson\functional\RuntimeTypeAdapterFactoryFunctionalTest.java,RuntimeTypeAdapterFactoryFunctionalTest,com.google.gson.functional,163,5,5,2,0,60,1,5,19,12,23,1,gson
C:\Users\Poula\Downloads\code_smell_project\code_smell_project\projects\gson\gson\src\test\java\com\google\gson\functional\SecurityTest.java,SecurityTest,com.google.gson.functional,57,6,6,2,0,35,0,4,2,0,11,1,gson
C:\Users\Poula\Downloads\code_smell_project\code_smell_project\projects\gson\gson\src\test\java\com\google\gson\functional\SerializedNameTest.java,SerializedNameTest,com.google.gson.functional,37,3,3,1,0,29,0,2,1,0,6,1,gson
C:\Users\Poula\Downloads\code_smell_project\code_smell_project\projects\gson\gson\src\test\java\com\google\gson\functional\StreamingTypeAdaptersTest.java,StreamingTypeAdaptersTest,com.google.gson.functional,236,24,24,3,1,53,0,22,22,8,37,1,gson
C:\Users\Poula\Downloads\code_smell_project\code_smell_project\projects\gson\gson\src\test\java\com\google\gson\functional\StringTest.java,StringTest,com.google.gson.functional,124,19,19,1,0,32,0,18,2,0,8,1,gson
C:\Users\Poula\Downloads\code_smell_project\code_smell_project\projects\gson\gson\src\test\java\com\google\gson\functional\ToNumberPolicyFunctionalTest.java,ToNumberPolicyFunctionalTest,com.google.gson.functional,121,8,8,0,0,43,0,0,1,0,26,1,gson
C:\Users\Poula\Downloads\code_smell_project\code_smell_project\projects\gson\gson\src\test\java\com\google\gson\functional\TreeTypeAdaptersTest.java,TreeTypeAdaptersTest,com.google.gson.functional,141,4,4,13,0,58,0,0,11,11,9,1,gson
C:\Users\Poula\Downloads\code_smell_project\code_smell_project\projects\gson\gson\src\test\java\com\google\gson\functional\TypeAdapterPrecedenceTest.java,TypeAdapterPrecedenceTest,com.google.gson.functional,141,12,12,0,0,38,0,0,4,1,11,1,gson
C:\Users\Poula\Downloads\code_smell_project\code_smell_project\projects\gson\gson\src\test\java\com\google\gson\functional\TypeAdapterRuntimeTypeWrapperTest.java,TypeAdapterRuntimeTypeWrapperTest,com.google.gson.functional,128,10,10,0,0,51,1,0,2,0,20,1,gson
C:\Users\Poula\Downloads\code_smell_project\code_smell_project\projects\gson\gson\src\test\java\com\google\gson\functional\TypeHierarchyAdapterTest.java,TypeHierarchyAdapterTest,com.google.gson.functional,186,7,7,0,0,44,1,0,5,2,76,1,gson
C:\Users\Poula\Downloads\code_smell_project\code_smell_project\projects\gson\gson\src\test\java\com\google\gson\functional\TypeVariableTest.java,TypeVariableTest,com.google.gson.functional,103,5,5,2,0,41,1,3,7,0,13,1,gson
C:\Users\Poula\Downloads\code_smell_project\code_smell_project\projects\gson\gson\src\test\java\com\google\gson\functional\UncategorizedTest.java,UncategorizedTest,com.google.gson.functional,101,8,8,1,0,54,1,7,4,2,11,1,gson
C:\Users\Poula\Downloads\code_smell_project\code_smell_project\projects\gson\gson\src\test\java\com\google\gson\functional\VersioningTest.java,VersioningTest,com.google.gson.functional,152,10,10,4,0,41,1,7,2,1,19,1,gson
C:\Users\Poula\Downloads\code_smell_project\code_smell_project\projects\gson\gson\src\test\java\com\google\gson\integration\OSGiManifestIT.java,OSGiManifestIT,com.google.gson.integration,155,10,10,2,5,91,0,9,16,3,16,1,gson
C:\Users\Poula\Downloads\code_smell_project\code_smell_project\projects\gson\gson\src\test\java\com\google\gson\internal\ConstructorConstructorTest.java,ConstructorConstructorTest,com.google.gson.internal,188,7,7,1,0,83,1,6,8,8,20,1,gson
C:\Users\Poula\Downloads\code_smell_project\code_smell_project\projects\gson\gson\src\test\java\com\google\gson\internal\GsonBuildConfigTest.java,GsonBuildConfigTest,com.google.gson.internal,9,1,1,0,0,28,0,0,0,0,3,1,gson
C:\Users\Poula\Downloads\code_smell_project\code_smell_project\projects\gson\gson\src\test\java\com\google\gson\internal\GsonTypesTest.java,GsonTypesTest,com.google.gson.internal,103,6,6,1,0,44,1,6,8,19,8,1,gson
C:\Users\Poula\Downloads\code_smell_project\code_smell_project\projects\gson\gson\src\test\java\com\google\gson\internal\JavaVersionTest.java,JavaVersionTest,com.google.gson.internal,44,7,7,0,0,37,0,0,1,1,9,1,gson
C:\Users\Poula\Downloads\code_smell_project\code_smell_project\projects\gson\gson\src\test\java\com\google\gson\internal\LazilyParsedNumberTest.java,LazilyParsedNumberTest,com.google.gson.internal,33,3,3,0,0,32,0,0,5,0,5,1,gson
C:\Users\Poula\Downloads\code_smell_project\code_smell_project\projects\gson\gson\src\test\java\com\google\gson\internal\LinkedTreeMapSuiteTest.java,LinkedTreeMapSuiteTest,com.google.gson.internal,63,0,0,1,0,40,1,0,8,3,0,1,gson
C:\Users\Poula\Downloads\code_smell_project\code_smell_project\projects\gson\gson\src\test\java\com\google\gson\internal\LinkedTreeMapTest.java,LinkedTreeMapTest,com.google.gson.internal,178,16,16,0,0,41,0,0,12,6,14,1,gson
C:\Users\Poula\Downloads\code_smell_project\code_smell_project\projects\gson\gson\src\test\java\com\google\gson\internal\StreamsTest.java,StreamsTest,com.google.gson.internal,76,6,6,0,0,36,0,0,4,0,3,1,gson
C:\Users\Poula\Downloads\code_smell_project\code_smell_project\projects\gson\gson\src\test\java\com\google\gson\internal\UnsafeAllocatorInstantiationTest.java,UnsafeAllocatorInstantiationTest,com.google.gson.internal,28,3,3,0,0,33,0,0,1,0,6,1,gson
C:\Users\Poula\Downloads\code_smell_project\code_smell_project\projects\gson\gson\src\test\java\com\google\gson\internal\bind\DefaultDateTypeAdapterTest.java,DefaultDateTypeAdapterTest,com.google.gson.internal.bind,195,11,11,0,0,81,0,0,11,38,16,1,gson
C:\Users\Poula\Downloads\code_smell_project\code_smell_project\projects\gson\gson\src\test\java\com\google\gson\internal\bind\Java17ReflectiveTypeAdapterFactoryTest.java,Java17ReflectiveTypeAdapterFactoryTest,com.google.gson.internal.bind,63,5,5,0,0,49,1,0,8,5,6,1,gson
C:\Users\Poula\Downloads\code_smell_project\code_smell_project\projects\gson\gson\src\test\java\com\google\gson\internal\bind\JsonElementReaderTest.java,JsonElementReaderTest,com.google.gson.internal.bind,242,18,18,0,0,51,0,0,2,2,0,1,gson
C:\Users\Poula\Downloads\code_smell_project\code_smell_project\projects\gson\gson\src\test\java\com\google\gson\internal\bind\JsonTreeReaderTest.java,JsonTreeReaderTest,com.google.gson.internal.bind,145,11,11,0,0,52,1,0,10,10,11,1,gson
C:\Users\Poula\Downloads\code_smell_project\code_smell_project\projects\gson\gson\src\test\java\com\google\gson\internal\bind\JsonTreeWriterTest.java,JsonTreeWriterTest,com.google.gson.internal.bind,233,22,22,0,0,50,0,0,5,7,16,1,gson
C:\Users\Poula\Downloads\code_smell_project\code_smell_project\projects\gson\gson\src\test\java\com\google\gson\internal\bind\RecursiveTypesResolveTest.java,RecursiveTypesResolveTest,com.google.gson.internal.bind,62,7,7,0,0,37,1,0,1,0,5,1,gson
C:\Users\Poula\Downloads\code_smell_project\code_smell_project\projects\gson\gson\src\test\java\com\google\gson\internal\bind\util\ISO8601UtilsTest.java,ISO8601UtilsTest,com.google.gson.internal.bind.util,94,9,9,0,0,41,0,0,3,5,9,1,gson
C:\Users\Poula\Downloads\code_smell_project\code_smell_project\projects\gson\gson\src\test\java\com\google\gson\internal\reflect\Java17ReflectionHelperTest.java,Java17ReflectionHelperTest,com.google.gson.internal.reflect,59,5,5,1,0,40,0,4,6,7,6,1,gson
C:\Users\Poula\Downloads\code_smell_project\code_smell_project\projects\gson\gson\src\test\java\com\google\gson\internal\sql\SqlTypesGsonTest.java,SqlTypesGsonTest,com.google.gson.internal.sql,111,12,12,3,1,50,0,11,5,21,6,1,gson
C:\Users\Poula\Downloads\code_smell_project\code_smell_project\projects\gson\gson\src\test\java\com\google\gson\internal\sql\SqlTypesSupportTest.java,SqlTypesSupportTest,com.google.gson.internal.sql,20,1,1,0,0,31,0,0,0,0,14,1,gson
C:\Users\Poula\Downloads\code_smell_project\code_smell_project\projects\gson\gson\src\test\java\com\google\gson\metrics\PerformanceTest.java,PerformanceTest,com.google.gson.metrics,285,14,14,3,1,66,0,11,7,0,19,1,gson
C:\Users\Poula\Downloads\code_smell_project\code_smell_project\projects\gson\gson\src\test\java\com\google\gson\reflect\TypeTokenTest.java,TypeTokenTest,com.google.gson.reflect,348,11,11,0,0,86,1,0,8,48,104,1,gson
C:\Users\Poula\Downloads\code_smell_project\code_smell_project\projects\gson\gson\src\test\java\com\google\gson\stream\JsonReaderPathTest.java,JsonReaderPathTest,com.google.gson.stream,376,16,16,0,0,44,0,0,5,181,4,1,gson
C:\Users\Poula\Downloads\code_smell_project\code_smell_project\projects\gson\gson\src\test\java\com\google\gson\stream\JsonReaderTest.java,JsonReaderTest,com.google.gson.stream,1875,150,150,0,0,102,0,0,22,105,26,1,gson
C:\Users\Poula\Downloads\code_smell_project\code_smell_project\projects\gson\gson\src\test\java\com\google\gson\stream\JsonWriterTest.java,JsonWriterTest,com.google.gson.stream,868,55,55,0,0,61,0,0,15,23,0,1,gson
C:\Users\Poula\Downloads\code_smell_project\code_smell_project\projects\gson\metrics\src\main\java\com\google\gson\metrics\BagOfPrimitives.java,BagOfPrimitives,com.google.gson.metrics,67,5,5,0,0,27,0,0,3,0,16,1,gson
C:\Users\Poula\Downloads\code_smell_project\code_smell_project\projects\gson\metrics\src\main\java\com\google\gson\metrics\BagOfPrimitivesDeserializationBenchmark.java,BagOfPrimitivesDeserializationBenchmark,com.google.gson.metrics,85,3,3,2,0,42,0,3,6,6,5,1,gson
C:\Users\Poula\Downloads\code_smell_project\code_smell_project\projects\gson\metrics\src\main\java\com\google\gson\metrics\CollectionsDeserializationBenchmark.java,CollectionsDeserializationBenchmark,com.google.gson.metrics,108,3,3,4,0,46,0,3,8,7,5,1,gson
C:\Users\Poula\Downloads\code_smell_project\code_smell_project\projects\gson\metrics\src\main\java\com\google\gson\metrics\NonUploadingCaliperRunner.java,NonUploadingCaliperRunner,com.google.gson.metrics,18,0,0,0,0,26,0,0,1,0,0,1,gson
C:\Users\Poula\Downloads\code_smell_project\code_smell_project\projects\gson\metrics\src\main\java\com\google\gson\metrics\ParseBenchmark.java,ParseBenchmark,com.google.gson.metrics,401,12,12,4,0,122,0,12,18,7,18,1,gson
C:\Users\Poula\Downloads\code_smell_project\code_smell_project\projects\gson\metrics\src\main\java\com\google\gson\metrics\SerializationBenchmark.java,SerializationBenchmark,com.google.gson.metrics,23,1,1,2,0,34,0,0,2,0,5,1,gson
C:\Users\Poula\Downloads\code_smell_project\code_smell_project\projects\gson\proto\src\main\java\com\google\gson\protobuf\ProtoTypeAdapter.java,ProtoTypeAdapter,com.google.gson.protobuf,269,12,12,12,4,117,1,0,32,39,26,1,gson
C:\Users\Poula\Downloads\code_smell_project\code_smell_project\projects\gson\proto\src\test\java\com\google\gson\protobuf\functional\ProtosWithAnnotationsAndJsonNamesTest.java,ProtosWithAnnotationsAndJsonNamesTest,com.google.gson.protobuf.functional,139,6,6,6,0,41,0,0,13,0,14,1,gson
C:\Users\Poula\Downloads\code_smell_project\code_smell_project\projects\gson\proto\src\test\java\com\google\gson\protobuf\functional\ProtosWithAnnotationsTest.java,ProtosWithAnnotationsTest,com.google.gson.protobuf.functional,202,7,7,3,0,58,0,5,11,7,76,1,gson
C:\Users\Poula\Downloads\code_smell_project\code_smell_project\projects\gson\proto\src\test\java\com\google\gson\protobuf\functional\ProtosWithComplexAndRepeatedFieldsTest.java,ProtosWithComplexAndRepeatedFieldsTest,com.google.gson.protobuf.functional,79,5,5,2,0,43,0,3,8,6,11,1,gson
C:\Users\Poula\Downloads\code_smell_project\code_smell_project\projects\gson\proto\src\test\java\com\google\gson\protobuf\functional\ProtosWithPrimitiveTypesTest.java,ProtosWithPrimitiveTypesTest,com.google.gson.protobuf.functional,54,6,6,1,0,32,0,5,4,4,5,1,gson
C:\Users\Poula\Downloads\code_smell_project\code_smell_project\projects\gson\test-graal-native-image\src\test\java\com\google\gson\native_test\Java17RecordReflectionTest.java,Java17RecordReflectionTest,com.google.gson.native_test,136,15,15,0,7,46,1,0,3,0,12,1,gson
C:\Users\Poula\Downloads\code_smell_project\code_smell_project\projects\gson\test-graal-native-image\src\test\java\com\google\gson\native_test\ReflectionTest.java,ReflectionTest,com.google.gson.native_test,197,7,7,8,0,57,1,0,6,1,3,1,gson
C:\Users\Poula\Downloads\code_smell_project\code_smell_project\projects\gson\test-jpms\src\main\java\module-info.java,module-info,,1,0,0,0,0,26,0,0,0,0,0,1,gson
C:\Users\Poula\Downloads\code_smell_project\code_smell_project\projects\gson\test-jpms\src\test\java\module-info.java,module-info,,11,0,0,0,0,23,0,0,0,0,0,1,gson
C:\Users\Poula\Downloads\code_smell_project\code_smell_project\projects\gson\test-jpms\src\test\java\com\google\gson\jpms_test\ExportedPackagesTest.java,ExportedPackagesTest,com.google.gson.jpms_test,63,6,6,0,0,47,0,0,13,10,4,1,gson
C:\Users\Poula\Downloads\code_smell_project\code_smell_project\projects\gson\test-jpms\src\test\java\com\google\gson\jpms_test\ModuleTest.java,ModuleTest,com.google.gson.jpms_test,72,2,2,0,0,49,0,0,8,5,31,1,gson
C:\Users\Poula\Downloads\code_smell_project\code_smell_project\projects\gson\test-jpms\src\test\java\com\google\gson\jpms_test\ReflectionInaccessibleTest.java,ReflectionInaccessibleTest,com.google.gson.jpms_test,40,2,2,0,0,32,0,0,2,2,14,1,gson
C:\Users\Poula\Downloads\code_smell_project\code_smell_project\projects\gson\test-jpms\src\test\java\com\google\gson\jpms_test\opened\ReflectionTest.java,ReflectionTest,is,23,2,2,0,0,27,0,0,1,0,7,1,gson
C:\Users\Poula\Downloads\code_smell_project\code_smell_project\projects\gson\test-shrinker\src\main\java\com\example\ClassWithAdapter.java,ClassWithAdapter,com.example,37,3,3,0,0,9,1,0,3,0,3,1,gson
C:\Users\Poula\Downloads\code_smell_project\code_smell_project\projects\gson\test-shrinker\src\main\java\com\example\ClassWithExposeAnnotation.java,ClassWithExposeAnnotation,com.example,6,0,0,0,0,2,0,0,0,0,0,1,gson
C:\Users\Poula\Downloads\code_smell_project\code_smell_project\projects\gson\test-shrinker\src\main\java\com\example\ClassWithHasArgsConstructor.java,ClassWithHasArgsConstructor,com.example,9,0,0,0,0,3,0,0,0,0,0,1,gson
C:\Users\Poula\Downloads\code_smell_project\code_smell_project\projects\gson\test-shrinker\src\main\java\com\example\ClassWithJsonAdapterAnnotation.java,ClassWithJsonAdapterAnnotation,com.example,107,8,8,0,0,33,1,0,4,1,11,1,gson
C:\Users\Poula\Downloads\code_smell_project\code_smell_project\projects\gson\test-shrinker\src\main\java\com\example\ClassWithNamedFields.java,ClassWithNamedFields,com.example,8,0,0,0,0,0,0,0,0,0,0,1,gson
C:\Users\Poula\Downloads\code_smell_project\code_smell_project\projects\gson\test-shrinker\src\main\java\com\example\ClassWithNoArgsConstructor.java,ClassWithNoArgsConstructor,com.example,9,0,0,0,0,2,0,0,0,0,0,1,gson
C:\Users\Poula\Downloads\code_smell_project\code_smell_project\projects\gson\test-shrinker\src\main\java\com\example\ClassWithSerializedName.java,ClassWithSerializedName,com.example,11,0,0,0,0,1,0,0,0,0,0,1,gson
C:\Users\Poula\Downloads\code_smell_project\code_smell_project\projects\gson\test-shrinker\src\main\java\com\example\ClassWithUnreferencedHasArgsConstructor.java,ClassWithUnreferencedHasArgsConstructor,com.example,9,0,0,0,0,5,0,0,0,0,0,1,gson
C:\Users\Poula\Downloads\code_smell_project\code_smell_project\projects\gson\test-shrinker\src\main\java\com\example\ClassWithUnreferencedNoArgsConstructor.java,ClassWithUnreferencedNoArgsConstructor,com.example,9,0,0,0,0,4,0,0,0,0,0,1,gson
C:\Users\Poula\Downloads\code_smell_project\code_smell_project\projects\gson\test-shrinker\src\main\java\com\example\ClassWithVersionAnnotations.java,ClassWithVersionAnnotations,com.example,13,0,0,0,0,4,0,0,1,2,0,1,gson
C:\Users\Poula\Downloads\code_smell_project\code_smell_project\projects\gson\test-shrinker\src\main\java\com\example\EnumClass.java,EnumClass,com.example,5,0,0,0,0,2,0,0,0,0,0,1,gson
C:\Users\Poula\Downloads\code_smell_project\code_smell_project\projects\gson\test-shrinker\src\main\java\com\example\EnumClassWithSerializedName.java,EnumClassWithSerializedName,com.example,8,0,0,0,0,3,0,0,0,0,0,1,gson
C:\Users\Poula\Downloads\code_smell_project\code_smell_project\projects\gson\test-shrinker\src\main\java\com\example\GenericClasses.java,GenericClasses,com.example,55,6,6,0,0,13,1,0,1,0,3,1,gson
C:\Users\Poula\Downloads\code_smell_project\code_smell_project\projects\gson\test-shrinker\src\main\java\com\example\InterfaceWithImplementation.java,InterfaceWithImplementation,com.example,14,1,1,0,0,5,0,0,0,0,3,1,gson
C:\Users\Poula\Downloads\code_smell_project\code_smell_project\projects\gson\test-shrinker\src\main\java\com\example\Main.java,Main,com.example,256,0,0,0,0,55,1,0,9,1,0,1,gson
C:\Users\Poula\Downloads\code_smell_project\code_smell_project\projects\gson\test-shrinker\src\main\java\com\example\NoSerializedNameMain.java,NoSerializedNameMain,com.example,35,0,0,0,0,13,0,0,2,0,0,1,gson
C:\Users\Poula\Downloads\code_smell_project\code_smell_project\projects\gson\test-shrinker\src\main\java\com\example\TestExecutor.java,TestExecutor,com.example,22,0,0,0,0,11,0,0,3,0,0,1,gson
C:\Users\Poula\Downloads\code_smell_project\code_smell_project\projects\gson\test-shrinker\src\main\java\com\example\UnusedClass.java,UnusedClass,com.example,7,0,0,0,0,4,0,0,0,0,0,1,gson
C:\Users\Poula\Downloads\code_smell_project\code_smell_project\projects\gson\test-shrinker\src\test\java\com\google\gson\it\ShrinkingIT.java,ShrinkingIT,com.google.gson.it,273,8,8,0,2,103,0,0,11,5,5,1,gson
